{"cameraMode":{"drawMode":0,"name":"Shaded","section":"Shading Mode"},"sceneLighting":true,"audioPlay":false,"sceneViewState":{"showFog":true,"showMaterialUpdate":false,"showSkybox":true,"showFlares":true,"showImageEffects":true,"showParticleSystems":true},"in2DMode":false,"pivot":{"x":-0.013866424560546875,"y":0.058339595794677737,"z":-0.15876483917236329},"rotation":{"x":0.23274144530296327,"y":-0.1373070329427719,"z":0.03313543274998665,"w":0.9622267484664917},"size":25.310535430908204,"orthographic":false}