{"cameraMode":{"drawMode":0,"name":"Shaded","section":"Shading Mode"},"sceneLighting":true,"audioPlay":false,"sceneViewState":{"showFog":true,"showMaterialUpdate":false,"showSkybox":true,"showFlares":true,"showImageEffects":true,"showParticleSystems":true},"in2DMode":false,"pivot":{"x":-0.05728721618652344,"y":-0.12112045288085938,"z":-0.09343194961547852},"rotation":{"x":0.11401674896478653,"y":-0.8843535780906677,"z":0.289922833442688,"w":0.3476547598838806},"size":25.92376136779785,"orthographic":false}