{"cameraMode":{"drawMode":0,"name":"Shaded","section":"Shading Mode"},"sceneLighting":true,"audioPlay":false,"sceneViewState":{"showFog":true,"showMaterialUpdate":false,"showSkybox":true,"showFlares":true,"showImageEffects":true,"showParticleSystems":true},"in2DMode":false,"pivot":{"x":-0.05728721618652344,"y":-0.12112045288085938,"z":-0.09343194961547852},"rotation":{"x":-0.07336818426847458,"y":0.7303358912467957,"z":-0.07938698679208756,"w":-0.6744809150695801},"size":29.890525817871095,"orthographic":false}