{"cameraMode":{"drawMode":0,"name":"Shaded","section":"Shading Mode"},"sceneLighting":true,"audioPlay":false,"sceneViewState":{"showFog":true,"showMaterialUpdate":false,"showSkybox":true,"showFlares":true,"showImageEffects":true,"showParticleSystems":true},"in2DMode":false,"pivot":{"x":-0.05728721618652344,"y":-0.12112045288085938,"z":-0.09343194961547852},"rotation":{"x":-0.40272003412246706,"y":0.12716616690158845,"z":-0.056566935032606128,"w":-0.9046798348426819},"size":34.28185272216797,"orthographic":false}